,Watching,Completed,On-Hold,Dropped,Plan to Watch,Total,10,9,8,7,6,5,4,3,2,1,Title
0,"201,335","802,989","41,416","67,799","211,131","1,324,670",108535,156910,212439,137080,56429,27119,15190,7560,4488,6174,Tokyo Revengers
1,"205,161","782,016","37,344","36,432","199,253","1,260,206",58073,80216,166391,190477,88318,37251,15828,5693,2659,3463,Boku no Hero Academia 5th Season
2,"159,091","399,388","51,549","40,738","272,333","923,099",75353,113511,117247,52849,18251,7657,3119,1270,601,844,Fumetsu no Anata e
3,"72,938","529,006","21,934","21,601","216,292","861,771",88680,120346,137071,64313,21199,8715,3766,1599,706,885,86
4,"87,323","524,404","20,077","48,341","161,379","841,524",33892,48793,114401,137178,62089,27553,14163,7152,4806,6311,"Ijiranaide, Nagatoro-san"
5,"75,669","391,832","17,621","32,157","124,496","641,775",26710,41128,89953,99402,46583,20199,9761,4648,2600,2574,Hige wo Soru. Soshite Joshikousei wo Hirou.
6,"58,678","285,253","19,418","15,513","192,285","571,147",50749,80012,72748,33609,11361,4959,2054,835,359,520,Vivy: Fluorite Eye's Song
7,"35,278","310,371","7,186","5,438","157,245","515,518",115368,69675,40143,16499,5622,2471,999,557,569,4338,Fruits Basket: The Final
8,"35,577","258,579","13,105","8,937","151,396","467,594",53009,86283,60840,20692,5976,2256,941,319,290,647,Odd Taxi
9,"40,575","270,354","9,155","16,144","103,766","439,994",11719,12526,30169,59879,45824,21416,9731,4035,1937,1373,Isekai Maou to Shoukan Shoujo no Dorei Majutsu Ω
10,"47,798","239,071","14,307","34,100","76,728","412,004",11853,14267,35615,63679,39909,21104,7294,2898,1145,821,"Slime Taoshite 300-nen, Shiranai Uchi ni Level Max ni Nattemashita"
11,"42,761","230,726","10,773","22,164","92,013","398,437",11134,15395,42907,63888,31490,12709,5281,2177,1032,794,"Sentouin, Hakenshimasu!"
12,"33,629","214,683","9,477","13,710","89,668","361,167",18598,20503,43900,49398,19157,6951,2047,738,349,425,Tensura Nikki: Tensei shitara Slime Datta Ken
13,"41,191","225,691","8,685","5,856","64,221","345,644",21749,34083,64060,37243,10052,3288,896,310,162,236,Mairimashita! Iruma-kun 2nd Season
14,"32,516","135,727","8,935","28,245","74,458","279,881",5092,4915,13107,28049,30398,19537,11309,5573,3131,2495,Osananajimi ga Zettai ni Makenai Love Comedy
15,"56,472","59,921","21,207","39,162","95,304","272,066",5260,6020,12764,20930,14927,8981,4611,2005,952,755,Shaman King (2021)
16,"40,412","110,722","13,745","23,125","82,995","270,999",8532,10166,22989,29823,14504,7488,3611,1873,1091,1171,Edens Zero
17,"24,488","156,505","7,321","4,372","78,204","270,890",26003,31324,39477,19389,5988,2248,993,336,155,233,Yuukoku no Moriarty Part 2
18,"24,579","126,128","8,639","9,794","95,362","264,502",9599,17510,39154,27132,8396,3059,985,320,175,231,Shadows House
19,"27,401","152,846","6,368","18,975","58,353","263,943",5529,6292,17407,35094,27933,13961,7668,3801,2034,1664,Kyuukyoku Shinka shita Full Dive RPG ga Genjitsu yori mo Kusoge Dattara
20,"25,604","135,740","6,104","14,728","66,944","249,120",8243,10809,25630,35769,17712,7904,3704,1904,1204,1467,Koi to Yobu ni wa Kimochi Warui
21,"18,403","110,683","7,058","6,112","84,460","226,716",11082,18961,32283,19449,5910,2268,784,296,119,209,Zombieland Saga Revenge
22,"20,706","137,413","5,347","10,778","50,158","224,402",7504,10670,26506,35193,15553,6691,2103,742,318,301,Seijo no Maryoku wa Bannou desu
23,"19,427","102,941","5,831","4,103","77,396","209,698",12163,23473,29981,14587,4385,1513,588,234,90,149,Nomad: Megalo Box 2
24,"15,115","73,186","5,072","7,078","54,649","155,100",4675,8185,19545,18697,7232,2613,882,320,119,157,Mashiro no Oto
25,"12,801","52,785","4,408","7,071","62,800","139,865",3432,5951,12897,13260,5822,2594,1097,457,209,222,SSSS.Dynazenon
26,"13,252","39,610","5,782","13,728","57,154","129,526",1518,2235,5497,10498,8759,4980,2262,901,386,285,Mars Red
27,"13,615","52,964","5,448","7,336","43,678","123,041",4553,6032,13834,14550,6460,2784,985,419,144,153,Super Cub
28,"12,429","48,827","4,129","5,638","39,571","110,594",4120,5325,10424,11849,5310,2343,664,259,118,149,Bakuten!!
29,"12,229","33,461","6,350","10,247","43,536","105,823",1994,3497,7479,9456,5498,2985,1383,561,328,286,Bishounen Tanteidan
30,"12,332","48,265","3,970","8,815","32,287","105,669",2077,3467,8735,14066,7579,3758,1397,526,217,220,Shakunetsu Kabaddi
31,"11,108","27,756","4,514","15,694","39,781","98,853",929,1237,3359,6653,7679,5309,3076,1309,549,339,Jouran: The Princess of Snow and Blood
32,"7,331","24,304","2,955","10,190","29,915","74,695",790,878,2338,5132,5801,4006,2267,1124,527,384,Subarashiki Kono Sekai The Animation
33,"6,540","33,939","2,828","6,249","21,932","71,488",1586,2180,5227,8508,6443,3439,1875,766,370,264,Godzilla: S.P
34,"7,531","26,167","2,470","10,432","19,955","66,555",984,1386,2842,5740,5504,3641,1947,1028,529,466,"Dragon, Ie wo Kau."
35,"7,742","28,874","2,087","6,893","15,235","60,831",969,973,2475,5822,6336,4002,1799,807,353,318,Seven Knights Revolution: Eiyuu no Keishousha
36,"5,181","17,308","2,139","4,869","19,341","48,838",628,918,1994,4728,4276,2358,677,266,114,96,Yaku nara Mug Cup mo
37,"4,228","15,296","1,514","7,449","15,796","44,283",583,567,1887,3557,3556,2701,1525,867,450,345,Sayonara Watashi no Cramer
38,"3,636","5,855","1,467","4,989","15,582","31,529",314,294,768,1024,1442,1343,914,531,282,244,Blue Reflection Ray
39,"3,114","5,809",970,"3,482","13,109","26,484",486,234,517,909,1042,949,786,484,347,388,Fairy Ranmaru: Anata no Kokoro Otasuke Shimasu
40,"1,710","8,745",501,"3,325","7,066","21,347",208,261,740,1714,1836,1289,854,542,326,260,Cestvs: The Roman Fighter
41,"2,399","5,787",747,"2,351","5,567","16,851",286,236,718,994,1253,960,542,300,154,163,Cardfight!! Vanguard: overDress
42,760,"2,726",304,"1,722","3,326","8,838",104,57,115,297,467,561,495,313,187,201,Battle Athletess Daiundoukai ReSTART!
43,766,"4,692",211,859,"2,137","8,665",226,121,193,462,779,948,520,322,275,252,Itazuraguma no Gloomy
44,468,"2,192",180,350,"4,343","7,533",121,50,135,288,405,336,124,66,32,44,Yuuki Yuuna wa Yuusha de Aru Churutto!
45,544,423,207,453,"1,194","2,821",125,43,92,164,164,95,28,21,16,19,Youkai Watch ♪
46,378,709,170,205,"1,264","2,726",86,110,252,142,62,36,17,11,7,11,Mewkledreamy Mix!
47,163,0,62,191,"2,018","2,434",27,1,6,6,4,8,5,3,,8,Shikaru Neko
48,116,359,60,208,"1,424","2,167",48,7,35,36,63,57,27,16,9,26,Dinosaur Biyori
49,273,184,123,393,833,"1,806",20,5,12,36,36,37,30,31,28,28,Mazica Party
50,232,365,62,163,868,"1,690",30,24,37,68,59,37,20,11,3,12,Shinkansen Henkei Robo Shinkalion Z the Animation
51,96,164,35,171,530,996,25,4,4,7,23,22,16,6,7,11,Duel Masters King!
52,85,60,40,246,443,874,19,1,1,4,5,7,13,5,2,15,Uchuu Nanchara Kotetsu-kun
53,65,154,23,122,328,692,16,6,16,23,20,15,6,1,1,9,Motto! Majime ni Fumajime Kaiketsu Zorori 2nd Season
54,82,156,35,140,214,627,24,3,9,19,28,23,14,10,2,14,Dosukoi Sushi Zumou
55,27,179,15,117,233,571,11,4,9,24,20,32,19,13,1,2,Iii Icecrin
56,66,149,19,134,160,528,37,2,3,4,14,16,18,11,7,16,Hyper Positive Yogoremon
57,34,62,15,147,248,506,12,,2,1,5,9,3,6,3,5,Utau Soccer Panda Mifanda
58,31,74,15,114,177,411,14,1,,2,11,5,3,2,2,7,Oshiri Tantei 5th Season
59,11,127,7,81,93,319,15,,2,4,13,9,12,7,8,13,Neko Jockey
60,12,85,7,85,75,264,12,,1,1,14,13,5,5,1,5,ColoColo Animal Otogibanashi
61,19,58,8,72,89,246,10,1,,,7,4,3,1,2,4,Ma-eum-uisoli Season 3
62,14,54,10,78,80,236,15,1,,,8,5,1,2,1,3,Washimo 9th Season
63,4,48,1,42,38,133,10,,,3,3,1,5,2,,2,Chuldong! Super Wings 5
64,5,33,2,36,36,112,6,1,,,5,1,2,1,1,1,Poten Dogs
65,5,30,3,36,36,110,6,,,1,3,1,2,2,,1,Poten Dogs Season 2
66,4,28,2,41,29,104,6,,,,2,,2,,1,1,Maca and Roni
67,5,28,3,33,32,101,7,,,,2,,2,,,2,Mabeobsonyeo Dee Dee 2
68,3,39,3,16,18,79,1,,1,2,6,9,1,,,1,On-chan no Kyou wa Donna Kanji?
69,6,17,2,29,24,78,3,,,,,1,2,,1,2,Tobot V: Ujusuhodae
70,"1,765,817",44,"304,231","198,923","225,090","2,494,105",646735,293428,228771,130915,53561,28414,12433,5841,4239,13769,One Piece
71,"377,222","76,636","117,163","231,583","92,383","894,987",24553,21380,45924,84077,86980,66755,50573,27966,19106,29480,Boruto: Naruto Next Generations
72,"58,003","304,316","10,880","21,175","79,548","473,922",21198,33965,69137,70197,31041,13022,6573,2782,1486,1270,"Kumo desu ga, Nani ka?"
73,"58,510","257,572","14,580","30,225","90,945","451,832",16961,17515,32131,50936,42268,23554,15770,7846,4685,4427,Nanatsu no Taizai: Funnu no Shinpan
74,"167,476",6,"75,173","49,014","68,944","360,613",39197,34270,43441,29402,10514,4429,1302,541,352,793,Meitantei Conan
75,"15,510","51,279","2,753","1,855","42,767","114,164",14792,15138,10011,3611,940,384,170,107,131,566,Kingdom 3rd Season
76,"29,238","29,801","10,625","9,411","16,673","95,748",4449,5361,9714,11231,5250,2375,932,464,233,358,Pokemon (2019)
77,"35,317",3,"17,942","18,672","16,066","88,000",9080,6949,9809,9013,3820,1805,642,351,258,435,Crayon Shin-chan
78,"22,480","14,104","7,018","8,985","24,105","76,692",5493,3241,5535,5918,3007,1604,605,256,129,194,Dragon Quest: Dai no Daibouken (2020)
79,"14,197","14,137","6,446","9,172","15,081","59,033",1372,1314,2691,4667,3949,2579,1475,708,346,298,Digimon Adventure:
80,"5,765","13,721","2,026","7,301","14,497","43,310",580,910,1675,3052,3077,2293,1354,735,348,291,Back Arrow
81,"9,047",2,"3,496","4,226","4,626","21,397",2037,1428,2119,2203,998,477,120,72,32,97,Doraemon (2005)
82,"2,733","4,494",954,"1,533","9,978","19,692",303,419,846,1433,925,490,168,57,21,44,Maiko-san Chi no Makanai-san
83,"3,051","3,176","1,182","2,953","8,448","18,810",263,271,627,779,886,690,457,356,223,360,Yu☆Gi☆Oh! Sevens
84,"2,420","4,356","1,027",954,"5,393","14,150",563,768,1118,1072,539,250,102,51,30,58,Tropical-Rouge! Precure
85,"3,384",171,"1,448","1,401","6,993","13,397",555,220,398,637,413,242,84,36,54,82,Gudetama
86,"2,303",0,763,"1,908","3,817","8,791",266,103,185,364,359,274,110,55,48,169,Sazae-san
87,"2,229",1,"1,235","1,692","2,854","8,011",326,289,456,700,444,189,54,29,16,47,Nintama Rantarou
88,776,"3,738",278,361,"2,250","7,403",333,203,521,889,609,304,83,36,18,30,D4DJ Petit Mix
89,"2,477",0,952,"1,297","2,032","6,758",361,386,417,493,247,148,41,19,15,52,Chibi Maruko-chan (1995)
90,"1,595",0,553,"1,151","1,303","4,602",202,348,350,254,262,177,45,31,21,46,Sore Ike! Anpanman
91,655,653,247,794,"2,235","4,584",57,20,50,138,195,221,108,58,39,51,Rebirth
92,632,"1,375",243,460,"1,550","4,260",141,85,155,251,258,189,82,42,31,34,Aikatsu Planet!
93,875,0,453,890,"1,062","3,280",108,50,92,134,139,93,43,26,25,49,Bonobono (TV 2016)
94,334,"1,108",105,234,"1,234","3,015",151,209,265,127,109,52,20,15,8,18,Kiratto Pri☆chan Season 3
95,655,0,256,626,686,"2,223",68,40,48,99,121,94,33,13,9,28,Ojarumaru
96,404,0,193,320,"1,145","2,062",18,9,12,41,54,25,17,10,6,11,Fushigi Dagashiya: Zenitendou
97,174,194,91,275,999,"1,733",24,4,9,25,42,51,30,16,10,16,Okashi na Sabaku no Suna to Manu
98,331,0,82,286,"1,002","1,701",26,7,4,19,22,18,12,8,5,26,Puzzle & Dragon
99,122,178,46,184,806,"1,336",23,11,16,20,23,18,17,5,4,16,Seizei Ganbare! Mahou Shoujo Kurumi 3rd Season
100,248,0,59,402,587,"1,296",18,6,4,10,10,14,7,5,5,23,Kamiusagi Rope: Warau Asa ni wa Fukuraitaru tte Maji ssuka!?
101,265,0,112,294,331,"1,002",30,4,17,25,21,36,6,5,8,19,Hanakappa
102,178,0,36,377,389,980,21,1,1,3,5,11,2,2,1,20,Shiawase Haitatsu Taneko
103,166,164,59,251,311,951,33,8,18,26,27,19,24,11,15,32,Aware! Meisaku-kun
104,160,0,33,246,249,688,38,4,1,4,10,15,6,3,4,10,Shimajirou no Wow!
105,54,68,22,159,356,659,16,1,,1,10,7,7,6,7,8,Kaoru no Taisetsu na Mono
106,118,0,39,305,192,654,8,1,1,4,4,9,12,3,5,17,Manul no Yuube
107,123,0,36,203,205,567,11,,,2,4,6,9,1,9,13,Gohan Kaijuu Pap
108,108,0,26,197,196,527,12,,,2,6,6,1,2,2,10,Yowamushi Monsters
109,63,82,40,139,203,527,27,2,2,8,8,16,9,3,8,13,Norimono Man: Mobile Land no Car-kun
110,36,126,22,107,196,487,14,,2,8,16,14,10,2,1,16,Ehon Yose
111,52,73,17,118,213,473,18,1,3,6,6,7,4,3,4,13,Bite-Choicar
112,84,20,21,173,137,435,13,,1,,5,4,6,,7,17,Otoppe
113,81,0,27,168,121,397,11,,1,1,2,2,4,3,1,11,Pakkororin
114,63,0,24,158,132,377,25,,,,2,2,3,1,,7,Shin Nippon History
115,62,0,20,156,128,366,5,1,,,3,2,1,,2,8,Origami Ninja Koyankinte
116,19,71,11,65,97,263,11,2,2,3,5,2,1,5,5,7,Sigan Yeohaengja Luke
117,14,69,6,91,66,246,13,,1,1,6,4,10,3,3,3,Kintamani Dog
118,6,52,6,72,58,194,10,,1,1,4,1,3,1,3,6,Sai Er Hao Season 11: Liekong Canghai
119,6,55,5,82,44,192,9,,,2,4,5,2,,1,8,Agisang-eo Ollie wa William
120,28,0,14,85,52,179,4,,,1,,2,1,,,1,Mukashibanashi no Oheya: Tsutaetai Nihon Mukashibanashi
121,6,39,3,40,44,132,9,,,4,1,,1,,1,1,Bite-Choicar Hyper
122,4,36,4,49,33,126,7,,,,2,1,3,2,,4,Hello Carbot Season 10
123,2,25,4,50,37,118,4,,,,1,1,2,1,,1,In:App
124,"23,245","321,788","7,096","16,159","78,908","447,196",22367,28125,58773,78177,37311,15299,6597,3032,1761,1542,Gokushufudou
125,"42,629","184,272","12,320","7,420","172,448","419,089",44101,56133,38388,13779,3763,1659,665,580,811,1572,Shiguang Dailiren
126,"18,978","245,184","5,214","16,314","56,929","342,619",12795,16256,36113,55371,36178,17118,10092,5436,3335,2707,Shuumatsu no Walküre
127,"4,199","55,973","1,486","6,359","19,753","87,770",1430,1676,4347,8822,11394,8588,5818,2924,1694,1252,Yasuke
128,"30,034","4,568","8,750","17,930","17,812","79,094",2074,1417,2283,4347,5631,5190,3793,2264,1784,2181,Super Dragon Ball Heroes
129,"3,632","53,655",840,552,"15,006","73,685",7715,11778,13091,5194,1143,403,279,264,260,331,Wu Liuqi: Xuanwu Guo Pian
130,"2,148","47,629",524,300,"15,129","65,730",2674,3311,8987,12273,4080,1176,235,93,40,75,Youjo Senki: Sabaku no Pasta Daisakusen
131,"4,662","51,116","1,015",761,"6,022","63,576",2999,3258,8879,14730,5378,1804,304,110,61,79,Mini Dragon
132,"22,577",4,"3,809","3,608","26,858","56,856",7808,2524,2733,1849,823,519,209,154,167,1122,Holo no Graffiti
133,"5,032","22,506","1,137","2,181","15,432","46,288",1454,949,1791,3032,3254,2409,1215,692,506,731,Kuro Gal ni Natta kara Shinyuu to shitemita.
134,890,"37,041",291,196,"8,805","47,223",2796,3853,9234,7135,1951,566,371,339,309,273,Shiguang Dailiren Fanwai Pian: Biwu Zhaoqin
135,"2,125","10,163",728,"1,017","8,201","22,234",736,586,1214,2329,1687,868,275,138,88,90,Hetalia World★Stars
136,559,"10,698",254,541,"7,509","19,561",346,467,1130,2405,2145,1255,519,240,118,89,Eden (ONA)
137,"1,181","9,296",368,514,"7,523","18,882",761,917,1743,1909,1058,521,192,94,57,71,Artiswitch
138,"1,402","6,412",466,264,"6,368","14,912",448,688,1518,1615,715,278,68,19,21,30,Yoru no Kuni
139,"1,211","5,507",331,376,"4,765","12,190",527,684,1310,1154,359,130,73,57,48,42,Liang Bu Yi
140,"6,311",1,568,605,"3,860","11,345",621,375,507,305,122,62,43,43,49,124,Wanmei Shijie
141,"1,154","6,911",445,443,"2,078","11,031",617,489,906,1552,869,470,116,58,30,73,Chibi Revenger
142,206,"1,778",117,123,"7,109","9,333",84,37,117,299,345,174,55,20,9,27,Etotama: Nyankyaku Banrai
143,"1,347","3,541",645,342,"1,857","7,732",262,384,846,1196,536,266,56,33,17,16,Poketoon
144,715,"2,373",243,342,"2,204","5,877",175,47,93,219,387,379,115,45,23,49,Celia-sensei no Wakuwaku Magical Kyoushitsu
145,596,"2,483",152,135,"2,506","5,872",161,188,442,564,250,89,27,23,17,21,Shi Yi Chang An: Mingyue Jishi You Er
146,421,"1,523",120,134,"3,613","5,811",95,72,203,323,182,76,27,16,13,29,Zhen Hun Jie: Bei Luo Shi Men Pian Part 2
147,372,747,148,209,"3,815","5,291",59,69,92,179,96,36,40,17,12,21,Daomu Biji Zhi Qinling Shen Shu
148,387,"1,566",168,248,"2,869","5,238",95,31,49,109,272,301,84,36,23,36,Katarina Nounai Kaigi X
149,746,"2,481",209,345,"1,456","5,237",193,277,308,360,385,279,159,75,50,68,Beyblade Burst Dynamite Battle
150,555,"2,201",163,168,"1,464","4,551",303,293,406,332,160,50,35,44,35,37,Tianbao Fuyao Lu 2nd Season
151,782,"1,935",88,173,841,"3,819",148,139,237,350,131,65,28,23,25,35,Wan Jie Du Zun
152,293,424,100,264,"2,067","3,148",21,12,27,49,81,103,50,25,18,15,Mi Bao Zhi Guo
153,"2,130",1,247,270,466,"3,114",122,75,170,216,102,53,18,16,18,30,Wu Shang Shen Di 2nd Season
154,200,999,98,155,"1,631","3,083",68,14,27,54,145,181,63,27,18,21,Peach Boy Riverside Mini Anime
155,439,"1,192",91,154,893,"2,769",197,134,219,192,72,34,25,20,26,54,Juan Siliang
156,247,"1,052",74,209,889,"2,471",53,75,125,173,117,120,63,44,24,63,Bakugan: Geogan Rising
157,"1,342",310,189,208,390,"2,439",106,56,120,195,82,46,15,19,17,25,Wan Jie Xian Zong 5th Season
158,239,648,78,246,765,"1,976",33,16,41,70,117,100,49,33,32,31,SD Gundam World Heroes
159,250,472,80,125,"1,015","1,942",73,52,53,72,72,31,14,8,7,21,Li Linke de Xiao Guaner
160,590,604,92,167,447,"1,900",40,15,41,91,96,50,28,23,23,22,Xinghe Zhizun
161,161,150,43,83,"1,449","1,886",24,5,8,9,15,7,7,7,4,12,Qian Wu Guren
162,123,850,41,90,685,"1,789",136,111,147,99,39,22,24,23,23,24,Luo Xiao Hei Zhan Ji: Zhongsheng Zhi Men
163,99,"1,025",36,73,499,"1,732",101,117,186,172,68,31,18,23,20,37,Ling Long: Incarnation Final Chapter
164,520,614,78,162,345,"1,719",46,26,49,107,92,57,27,14,14,17,Kuang Shen Mo Zun
165,76,766,73,76,714,"1,705",61,14,32,52,79,119,54,20,12,18,"Tantei wa Mou, Shindeiru. Mini Anime"
166,177,682,66,82,587,"1,594",125,48,99,116,51,21,17,9,2,18,RabbiTube: Creator ni Challenge!
167,120,396,44,118,760,"1,438",34,5,16,29,78,62,22,20,9,14,Blue Reflection Ray!
168,66,846,23,75,403,"1,413",86,100,154,140,43,32,15,17,18,21,Ling Long: Incarnation Special
169,139,618,80,96,478,"1,411",37,24,62,115,146,62,22,5,5,10,Amemiya-san
170,150,484,33,92,399,"1,158",36,22,62,89,55,13,12,11,10,12,Xi Xing Ji: Suming Pian
171,122,272,38,98,292,822,37,8,19,26,45,46,16,6,6,6,Mini Van Large
172,39,336,15,55,179,624,17,16,38,59,39,13,10,5,5,6,Xing Hai Qishi: Xia Ban Ji
173,70,255,15,70,209,619,30,24,28,38,21,11,7,7,6,10,Hua Jianghu: Bu Liang Ren IV
174,68,69,28,75,351,591,13,3,2,15,9,8,2,3,4,6,Zhihao Beipan Diqiule
175,93,141,18,78,252,582,16,3,10,22,18,9,10,4,5,6,Hua Jianghu: Huan Shi Men Sheng 2nd Season
176,14,335,7,50,104,510,15,9,8,48,57,51,17,6,8,12,Ndaho Kekkon Omedetou!!
177,25,245,12,45,180,507,11,,10,29,57,37,15,10,4,6,Heroes
178,109,94,19,74,189,485,16,1,2,8,10,5,5,3,3,9,Tai Yi Xian Mo Lu: Ling Fei Ji IV
179,24,284,11,44,115,478,14,4,14,42,48,36,16,9,1,3,Closure no Kimitsu File
180,21,109,11,68,197,406,10,,3,7,23,19,6,,1,5,Aoi Hane Mitsuketa! Sagashite Miyou Mijika na Tori-tachi
181,18,182,15,30,156,401,12,3,5,10,24,37,14,9,4,7,Chocosanji
182,47,99,16,46,128,336,10,1,5,14,16,13,4,1,2,5,Yi Shijie Zhongyao Pu 2nd Season
183,27,80,15,77,117,316,11,2,2,6,11,13,5,2,2,5,Wo Zhen de Meiyong Mie?
184,19,149,8,33,103,312,12,,8,13,22,21,13,3,5,6,Kkeutnal-ui Bam
185,21,55,8,34,192,310,10,,2,3,7,5,1,3,,3,Fei Ba! Lanqiu: Xuzhang
186,42,89,9,51,107,298,10,,3,10,17,10,6,3,2,2,Fengzi Wuyu: Yinhe Pian
187,10,174,4,28,75,291,10,2,11,20,34,23,5,4,5,6,Rhythmens
188,14,183,5,32,49,283,9,1,1,16,31,33,7,3,4,12,Rhythmens Episode 0
189,13,97,10,45,91,256,13,1,5,10,13,11,3,1,2,6,Bai Gui Youeryuan 4th Season
190,22,41,12,18,133,226,2,1,4,2,7,4,1,3,,3,Liang Bu Yi Small Theater
191,9,66,5,41,61,182,10,,,2,9,5,6,1,3,3,Kaijuu Step SDGs Daisakusen
192,15,67,6,39,53,180,11,,5,2,12,6,1,,,5,Ruguo Lishi Shi Yiqun Miao 6th Season
193,6,52,3,45,50,156,10,,1,,4,4,2,2,3,3,Menghuan Shuyuan: Kexue Xiao Jizhe
194,12,41,3,51,40,147,10,,1,,3,3,1,3,,2,Ashuai 5th Season
195,8,38,5,32,54,137,8,,1,,5,,2,1,1,4,Xue Yu Huo: Xin Zhongguo Shi Zheyang Lian Cheng De
196,7,42,4,31,49,133,8,,,1,5,2,5,1,1,4,Xinghuo Chuancheng
197,6,35,2,28,54,125,8,,1,,3,2,2,,1,2,Hong Ying Yi Mai
198,"4,297","184,562","1,128",879,"55,215","246,081",16996,17763,39065,36036,13843,5319,2496,1127,812,1079,Kaguya-sama wa Kokurasetai? Tensai-tachi no Renai Zunousen OVA
199,"28,932","39,821","7,534","4,778","47,743","128,808",5161,5769,11654,13972,6530,2854,946,398,198,213,Hori-san to Miyamura-kun
200,"12,774","35,075","3,645","2,540","37,680","91,714",2422,2293,4770,8940,5301,2359,1082,488,240,211,Strike the Blood IV
201,"1,823","55,325",650,429,"25,794","84,021",3191,2361,5231,10888,8198,3388,1156,440,212,197,Dungeon ni Deai wo Motomeru no wa Machigatteiru Darou ka III OVA
202,"2,295","16,710",685,605,"4,192","24,487",2455,1897,2936,2619,1197,606,238,133,92,162,Uchi no Otouto Maji de Dekain Dakedo Mi ni Konai?
203,"2,868","5,601",666,584,"2,419","12,138",751,535,956,1380,984,535,268,134,115,163,Oyasumi Sex
204,"1,031","7,645",433,318,"2,298","11,725",661,593,1149,1415,761,382,160,75,39,68,J* Fuuzoku Gakuensai
205,"6,130",4,"1,579",749,"2,345","10,807",675,485,697,1034,701,369,159,97,75,92,Sakusei Byoutou The Animation
206,"2,654","4,163",536,408,"2,332","10,093",628,573,980,1128,574,243,75,43,45,47,Eroge de Subete wa Kaiketsu Dekiru! The Animation
207,715,"5,396",279,309,"1,691","8,390",344,217,394,596,720,656,324,199,168,201,Netokano
208,671,"5,670",284,322,"1,387","8,334",306,181,377,532,702,710,422,257,194,286,Netoshisu
209,"3,401","1,433",698,436,"1,865","7,833",419,261,492,694,537,280,121,60,43,56,Kazoku: Haha to Shimai no Kyousei
210,"1,266","3,958",385,423,"1,365","7,397",343,251,418,648,615,461,232,127,75,108,Bitch na Inane-sama
211,609,"3,406",216,256,"1,054","5,541",156,91,220,417,555,435,236,129,87,95,Shidoukan Day After The Animation
212,842,"2,529",310,281,"1,061","5,023",183,120,260,436,438,292,159,72,42,56,Karada de Kaiketsu Hyakkiya Tantei Jimusho
213,"2,105","42,155",860,363,"34,909","80,392",3041,4678,10231,9481,3195,1102,455,158,92,90,Fate/Grand Order: Shinsei Entaku Ryouiki Camelot 2 - Paladin; Agateram
214,"2,886","21,917",807,312,"31,113","57,035",3294,4710,5790,2923,1030,416,157,78,37,62,Eiga Daisuki Pompo-san
215,"1,430","27,321",359,224,"13,749","43,083",2317,4060,7598,5127,1728,503,168,76,46,49,Kidou Senshi Gundam: Senkou no Hathaway
216,773,"7,031",319,197,"19,852","28,172",448,930,1459,1512,597,190,89,42,19,31,Sidonia no Kishi: Ai Tsumugu Hoshi
217,505,"15,343",192,171,"7,224","23,435",1678,1902,2956,2646,946,389,166,54,30,42,Meitantei Conan Movie 24: Hiiro no Dangan
218,766,"11,633",263,314,"9,361","22,337",3353,2476,1924,990,421,193,95,49,37,118,Shoujo☆Kageki Revue Starlight Movie
219,833,"5,849",260,243,"7,365","14,550",932,508,960,1101,638,382,199,81,46,73,Journey: Taiko Arabia Hantou de no Kiseki to Tatakai no Monogatari
220,527,"4,759",212,100,"7,403","13,001",260,434,919,1248,523,239,69,21,16,16,Gyokou no Nikuko-chan
221,373,"6,297",172,162,"4,815","11,819",756,937,1373,1167,464,159,78,35,9,31,BanG Dream! Movie: Episode of Roselia - I: Yakusoku
222,309,"5,113",152,168,"5,607","11,349",259,372,881,1263,664,266,100,59,26,35,Sayonara Watashi no Cramer Movie: First Touch
223,399,"5,843",145,181,"3,934","10,502",858,1098,1315,871,278,114,44,23,7,29,BanG Dream! Movie: Episode of Roselia - II: Song I Am.
224,140,836,67,135,"3,343","4,521",164,163,112,79,73,38,9,5,6,9,"""Uchuu Senkan Yamato"" to Iu Jidai: Seireki 2202-nen no Sentaku"
225,31,258,18,62,261,630,21,19,26,43,28,20,5,5,4,7,Xiyou Ji: Zai Shi Yao Wang
226,18,134,13,73,223,461,18,11,10,12,16,5,5,3,,8,Sore Ike! Anpanman: Fuwa Fuwa Fuwaly to Kumo no Kuni
227,20,49,7,24,88,188,10,1,2,3,8,5,1,,,,True North
228,10,43,3,54,53,163,7,,,2,5,,1,4,1,1,Konglong Feiche
229,8,48,2,34,71,163,8,1,,2,12,1,5,1,,2,Feiqi Zhi Cheng
230,20,34,5,33,69,161,9,1,,,4,,3,,,1,Shuizhong de Nuhai
231,8,41,4,40,55,148,7,,,,4,2,2,2,1,3,Xiao Meirenyu de Qihuan Maoxian
232,7,54,6,22,56,145,8,,1,1,9,6,4,3,,2,Hudie Guojiang
233,3,33,4,30,43,113,8,,1,,3,1,3,,,1,Qian Ting Zong Dong Yuan 8: Di Xin Youji
234,3,33,3,20,30,89,5,,1,1,7,2,,,1,2,Sseulegiui Seom
235,"1,955","110,409",809,"1,164","38,028","152,365",2461,2892,5511,10513,16225,15343,14317,8294,4937,4345,Wonder Egg Priority: Watashi no Priority
236,"1,795","50,668",411,532,"9,463","62,869",3571,2328,5043,10367,6409,2372,403,157,73,142,Tensei shitara Slime Datta Ken 2nd Season: Kanwa - Veldora Nikki 2
237,"1,070","43,346",416,577,"11,977","57,386",2651,2040,4053,8314,6393,3161,604,246,138,231,86 Special Edition: Senya ni Akaku Hinageshi no Saku
238,"1,574","40,118",494,270,"10,678","53,134",1300,1161,3625,9677,7743,3050,620,223,103,132,Jaku-Chara Tomozaki-kun Specials
239,844,"10,976",392,139,"11,511","23,862",959,705,1828,2539,1034,352,76,19,15,20,Yuru Camp△ Season 2 Specials
240,784,"12,301",270,310,"6,931","20,596",941,769,1882,2503,1128,659,116,43,21,69,Vivy: Fluorite Eye's Song - To Make Everyone Happy With My Singing
241,253,"10,772",101,112,"2,177","13,415",412,592,1842,3102,1122,361,99,39,15,23,Tenchi Souzou Design-bu: Idea 13
242,80,"4,118",43,72,"1,224","5,537",420,223,349,718,512,304,79,42,19,28,Obey Me!: Makai Dai Ryokou!
243,134,"1,544",55,107,805,"2,645",65,39,67,244,309,186,54,16,11,20,"Dragon Quest: Dai no Daibouken (2020): Bouken no Kiseki, Kore kara no Tabiji"
244,515,0,207,191,628,"1,541",32,18,46,126,96,39,24,9,2,19,Ani x Para: Anata no Hero wa Dare desu ka
245,17,141,2,27,47,234,9,,,5,13,32,18,13,4,8,Bonus Track: Atarashii Yoru no Hanami
246,52,0,31,61,74,218,6,1,4,5,9,2,3,,,2,iichiko Story
247,4,30,2,34,31,101,7,,,1,4,1,1,1,,,Miniforce:  Super Dino 7
248,3,15,3,25,23,69,3,,,1,,,1,,,1,Momoume Specials
